dni_paciente , telefono , celular , direccion , mail
648283757 , +54(168)7774045 , +54(513)7877411 , Spohn , marbor2t@yale.edu
843784058 , +54(720)4995318 , +54(404)8917181 , GreenRidge , dfeatherstone2u@tumblr.com
248884801 , +54(899)8541527 , +54(976)3246282 , Thackeray , kbrooke2v@ed.gov
300548206 , +54(992)7678950 , +54(378)5815199 , Gerald , cmathey2w@elegantthemes.com
221844272 , +54(987)7825402 , +54(505)7448801 , Pierstorff , cclausen2x@zdnet.com
421662999 , +54(512)4742303 , +54(104)1313072 , Welch , jdaws2y@youtube.com
711671821 , +54(550)3941622 , +54(584)8549096 , Orin , dpetruszka2z@deliciousdays.com
211228105 , +54(422)6503484 , +54(797)5582819 , Nova , jlilly30@wisc.edu
565509912 , +54(244)8919605 , +54(316)9930114 , Eastwood , pdreinan31@latimes.com
443736773 , +54(549)9083541 , +54(951)6067734 , Troy , fpoxon32@disqus.com
910452800 , +54(964)5664753 , +54(493)7399811 , Glendale , ojoburn33@alexa.com
728946928 , +54(507)4853410 , +54(869)9964036 , American , dsainer34@ask.com
835172345 , +54(384)2128947 , +54(584)8627115 , Gale , npacker35@cafepress.com
762898276 , +54(770)1314387 , +54(232)1364968 , Morning , aspackman36@java.com
856110095 , +54(716)9174944 , +54(881)6728286 , Bartillon , mharsnipe37@1und1.de
989306934 , +54(188)5579814 , +54(120)7962680 , Green , gamyes38@histats.com
910452800 , +54(740)8350701 , +54(647)7329760 , Browning , hlauret39@noaa.gov
180624685 , +54(929)2516179 , +54(641)9369890 , Oneill , stolworth3a@ft.com
421662999 , +54(203)5146132 , +54(423)8611893 , AmericanAsh , bbengal3b@yahoo.com
105853272 , +54(941)5747320 , +54(409)3285785 , Homewood , cbutrimovich3c@51.la
931264701 , +54(489)7084007 , +54(940)3054688 , Maple , kgheeraert3d@nba.com
067341954 , +54(252)7658574 , +54(990)7316559 , Schiller , rmewburn3e@nifty.com
211228105 , +54(912)3442985 , +54(496)3662544 , DoeCrossing , psabin3f@scribd.com
377331104 , +54(686)4604163 , +54(292)6291107 , Ridgeview , dhinckes3g@tiny.cc
937168986 , +54(788)2884223 , +54(397)1823982 , Waxwing , fkamena3h@cargocollective.com
421662999 , +54(848)5490700 , +54(662)7825990 , Kingsford , sanyon3i@seesaa.net
856110095 , +54(806)6766637 , +54(442)6631412 , Towne , bburnapp3j@diigo.com
648283757 , +54(914)8273240 , +54(549)6540176 , StoneCorner , vmingey3k@artisteer.com
565509912 , +54(817)7935415 , +54(563)1000586 , Ludington , lvittle3l@wordpress.com
152975763 , +54(347)1720259 , +54(363)5112730 , Dorton , msouthan3m@slate.com
924157682 , +54(547)2786231 , +54(184)4514452 , 3rd , cearpe3n@earthlink.net
607956496 , +54(536)5219995 , +54(538)6958092 , Texas , ebrattell3o@webmd.com
850941638 , +54(295)3894921 , +54(419)4476603 , Sundown , kpepperill3p@howstuffworks.com
211228105 , +54(936)8814825 , +54(188)9440494 , Bartelt , phuleatt3q@telegraph.co.uk
777177712 , +54(906)1667280 , +54(197)6747258 , Transport , hvedeniktov3r@ucla.edu
532345438 , +54(132)3249914 , +54(314)8862199 , Pankratz , dkaming3s@mapquest.com
562292860 , +54(445)3161169 , +54(695)9718071 , Kingsford , hhumblestone3t@sciencedaily.com
856110095 , +54(970)1892117 , +54(177)6861082 , Quincy , myantsev3u@nydailynews.com
073634314 , +54(717)5757507 , +54(721)9827962 , MarinersCove , anormanvell3v@irs.gov
940216444 , +54(853)7077320 , +54(817)1193687 , Sundown , kmussen3w@spotify.com
098058386 , +54(614)7811091 , +54(617)6558609 , Hauk , ntuckett3x@omniture.com
265775847 , +54(712)5460676 , +54(377)4082695 , Crownhardt , mpetworth3y@rakuten.co.jp
313411776 , +54(933)1920858 , +54(877)4439427 , Ramsey , itestro3z@mediafire.com
371616560 , +54(405)5048535 , +54(343)5875576 , Thackeray , meames40@bbb.org
735067977 , +54(303)6883157 , +54(583)9526753 , Homewood , mjirick41@forbes.com
163159220 , +54(481)2718498 , +54(575)9678673 , Susan , sandreev42@umn.edu
105853272 , +54(451)2897846 , +54(178)5501572 , LittleFleur , hfike43@amazon.co.jp
602022843 , +54(470)2532082 , +54(795)3540871 , Melrose , mmeredyth44@ustream.tv
648283757 , +54(683)4404272 , +54(316)6951362 , International , jfenge45@hatena.ne.jp
42850107 , +54(299)5808204 , +54(299)6010238 , charcas , facurimmele@gmail.com
